{"i":1000,"val_loss_history":[1.6202919062446],"val_loss_history_it":[1000],"forward_backward_times":{},"opt":{"max_epochs":50,"checkpoint_every":1000,"batch_size":50,"memory_benchmark":0,"init_from":"","grad_clip":5,"model_type":"lstm","lr_decay_every":5,"print_every":1,"wordvec_size":64,"seq_length":50,"input_json":"cervantes.json","num_layers":2,"input_h5":"cervantes.h5","reset_iterations":1,"rnn_size":128,"dropout":0,"checkpoint_name":"cv\/checkpoint","batchnorm":0,"learning_rate":0.002,"speed_benchmark":0,"gpu_backend":"cuda","lr_decay_factor":0.5,"gpu":-1},"train_loss_history":[4.4685387611389,4.3368277549744,4.147922039032,3.8731789588928,3.6258075237274,3.4116852283478,3.2557828426361,3.1539096832275,3.091135263443,3.0032138824463,3.0175614356995,3.0054037570953,2.9973857402802,3.0494153499603,2.9789605140686,3.0230042934418,2.9774868488312,3.0011007785797,2.9976768493652,2.9919404983521,2.9898633956909,3.0257456302643,3.0184223651886,2.9758880138397,2.9773952960968,2.9677476882935,2.9330875873566,2.963002204895,2.9668908119202,2.8945465087891,2.9598813056946,2.9528057575226,2.9114696979523,2.9453523159027,2.8936924934387,2.9323699474335,2.8963210582733,2.8949229717255,2.8604245185852,2.8956360816956,2.8772799968719,2.855119228363,2.8186874389648,2.8245210647583,2.751603603363,2.7996995449066,2.8139469623566,2.7800426483154,2.7634563446045,2.7479348182678,2.7736101150513,2.7269353866577,2.6857011318207,2.7321434020996,2.6619048118591,2.6633102893829,2.6531653404236,2.6771366596222,2.6910464763641,2.6405789852142,2.5859336853027,2.6199736595154,2.5883798599243,2.550199508667,2.5549876689911,2.5494356155396,2.5562534332275,2.5779507160187,2.5152034759521,2.4862022399902,2.5582947731018,2.5052409172058,2.5085761547089,2.5156478881836,2.4797086715698,2.4399538040161,2.4577393531799,2.51642537117,2.4163558483124,2.4318089485168,2.4857044219971,2.5181550979614,2.393682718277,2.4158627986908,2.4019100666046,2.3999810218811,2.4216117858887,2.3858757019043,2.3898098468781,2.428941488266,2.3786017894745,2.4075174331665,2.4121675491333,2.3669054508209,2.3750393390656,2.3726360797882,2.383006811142,2.3113133907318,2.3341751098633,2.3732895851135,2.3640549182892,2.3560726642609,2.3338854312897,2.33722615242,2.3096458911896,2.3185021877289,2.2988028526306,2.3123552799225,2.3048095703125,2.3052558898926,2.260071516037,2.2742636203766,2.3169023990631,2.3156139850616,2.3317472934723,2.3450272083282,2.3864266872406,2.3780200481415,2.3698663711548,2.2597503662109,2.2068030834198,2.2779240608215,2.2309718132019,2.2891466617584,2.2458736896515,2.2802608013153,2.220409154892,2.2525637149811,2.338431596756,2.3135907649994,2.2586205005646,2.2550616264343,2.2229919433594,2.221494436264,2.1901049613953,2.209367275238,2.2790336608887,2.2233500480652,2.231068611145,2.2563157081604,2.2887353897095,2.2521846294403,2.312301158905,2.2303009033203,2.2316813468933,2.2186782360077,2.2105188369751,2.2115666866302,2.1581158638,2.150111913681,2.1576182842255,2.1526083946228,2.2174911499023,2.1675517559052,2.1888043880463,2.1803333759308,2.2021467685699,2.1724262237549,2.1592032909393,2.1503734588623,2.1931891441345,2.1251749992371,2.1728897094727,2.1306147575378,2.1553235054016,2.1809520721436,2.1351056098938,2.1582522392273,2.1768443584442,2.120245218277,2.1183063983917,2.0949273109436,2.1112325191498,2.1694433689117,2.1846086978912,2.1003556251526,2.0839374065399,2.1204998493195,2.1723473072052,2.1431984901428,2.1282639503479,2.0711116790771,2.1333017349243,2.140985250473,2.1266303062439,2.1123614311218,2.1501977443695,2.0570380687714,2.1193344593048,2.1073083877563,2.1068866252899,2.0877676010132,2.1150765419006,2.0498476028442,2.0775141716003,2.0447912216187,2.053151845932,2.0513327121735,2.0236577987671,2.0519227981567,2.0884075164795,2.0919313430786,2.0089764595032,2.0968868732452,2.0257749557495,2.0406711101532,1.9958349466324,2.057950258255,2.0402200222015,2.0554172992706,2.0343811511993,2.0877602100372,2.0532522201538,2.0303161144257,2.0285465717316,2.0268695354462,2.0713005065918,2.0390903949738,1.9998886585236,2.0409944057465,2.0269861221313,2.0291225910187,2.0663032531738,2.015371799469,2.0690269470215,2.0309407711029,2.0037748813629,1.9923486709595,2.0119111537933,2.03750872612,2.0297095775604,2.0047018527985,1.9751940965652,1.9779673814774,1.9681755304337,2.0238907337189,2.0147180557251,1.9897050857544,1.96728515625,1.9936482906342,2.0241644382477,1.9997090101242,1.9935284852982,2.0106582641602,2.0135505199432,1.9622009992599,1.9618788957596,1.9738230705261,1.9664603471756,1.9889528751373,2.0623228549957,1.9386696815491,1.9732939004898,1.9963941574097,1.9668354988098,1.996951341629,1.9539595842361,2.0260155200958,1.9783133268356,1.9019389152527,1.9442621469498,2.0006196498871,1.9431427717209,1.9557695388794,1.9499270915985,1.971687078476,2.0270364284515,1.9591847658157,1.9339402914047,1.9818246364594,1.9613251686096,1.9608089923859,1.94904255867,1.9187479019165,1.9350265264511,1.9020830392838,1.9327713251114,1.9136009216309,1.943835735321,1.9590082168579,1.9604433774948,1.9037964344025,1.9903820753098,1.9161146879196,1.9165366888046,1.9697072505951,1.9383857250214,1.9183404445648,1.9211601018906,1.9394158124924,1.943377494812,1.9366093873978,1.9314974546432,1.9739148616791,1.9153746366501,1.9065709114075,1.9193558692932,1.9169435501099,1.896971821785,1.9063603878021,1.8871097564697,1.9869027137756,1.898864865303,1.9254558086395,1.9409312009811,1.8753226995468,1.9363169670105,1.9141708612442,1.9218591451645,1.8808767795563,1.8560059070587,1.8598482608795,1.8997212648392,1.8841797113419,1.8999359607697,1.9064990282059,1.9401228427887,1.8448140621185,1.9253422021866,1.8767017126083,1.892875790596,1.8706847429276,1.8731838464737,1.8714294433594,1.8576877117157,1.9349105358124,1.9181278944016,1.8626091480255,1.8987419605255,1.9570994377136,1.9215630292892,1.8494493961334,1.882853269577,1.8852738142014,1.8972082138062,1.8706284761429,1.8444200754166,1.8635810613632,1.8677480220795,1.9135249853134,1.8700654506683,1.8540675640106,1.8335673809052,1.8223732709885,1.8597638607025,1.8848555088043,1.897273182869,1.8667488098145,1.8444361686707,1.8646359443665,1.8838224411011,1.8477119207382,1.8629912137985,1.8527917861938,1.8664507865906,1.8716177940369,1.873637676239,1.8609523773193,1.8305865526199,1.8605027198792,1.868344783783,1.8549137115479,1.8237955570221,1.8346394300461,1.8593028783798,1.8812404870987,1.8669763803482,1.8306031227112,1.8467935323715,1.8439512252808,1.8413450717926,1.8163802623749,1.8360877037048,1.828421831131,1.8581812381744,1.8147523403168,1.8363058567047,1.814845085144,1.8609169721603,1.8230193853378,1.8047115802765,1.8048294782639,1.7825722694397,1.8064601421356,1.8466939926147,1.8245096206665,1.8344323635101,1.8283122777939,1.7851238250732,1.8153228759766,1.8251626491547,1.8264557123184,1.8543951511383,1.8204605579376,1.7729128599167,1.785632610321,1.8028864860535,1.7702703475952,1.7868646383286,1.783146739006,1.8213962316513,1.8239310979843,1.7673666477203,1.8246648311615,1.8199664354324,1.8329359292984,1.8290070295334,1.8148009777069,1.8563269376755,1.8166004419327,1.7932028770447,1.8187992572784,1.8403388261795,1.8300420045853,1.8156298398972,1.8013999462128,1.7747101783752,1.8026859760284,1.8628636598587,1.7746160030365,1.8462789058685,1.8197441101074,1.7513482570648,1.7730911970139,1.8109257221222,1.7626733779907,1.8268554210663,1.848132610321,1.8246626853943,1.7915250062943,1.7826976776123,1.8514535427094,1.8057760000229,1.818039894104,1.8104513883591,1.7559888362885,1.7647001743317,1.7904413938522,1.807377576828,1.8391970396042,1.7665067911148,1.7653336524963,1.8428871631622,1.7769320011139,1.8261116743088,1.7946531772614,1.7715406417847,1.8016859292984,1.8109177350998,1.7862285375595,1.7761163711548,1.8274354934692,1.7910892963409,1.7959299087524,1.7503744363785,1.8223865032196,1.76378262043,1.7642118930817,1.7769337892532,1.7741466760635,1.7920600175858,1.7544066905975,1.7498978376389,1.7813136577606,1.758312702179,1.8112734556198,